name,price,point,shipping,mall
[사미헌] 부산의 명물 사미헌 갈비탕 꼬리곰탕,"9,900",198P,무료배송,사미헌
[9/4 20%+10%쿠폰]이고진 요가용품 요가매트 폼롤러 필라테스링 짐볼 고무밴드 실내운,"12,900",645P,무료배송,이고진헬스
한국투자증권 온라인 금융상품권 50000원권,"50,000",645P,무료배송,쿠프마케팅_COOP
"[쿠폰혜택가 5,310원] 4+1 제주 서귀포 삼무호 옥돔 1마리(160g내외/중) 손질포장","7,800",156P,무료배송,제주_삼무호_선주
"[쿠폰가32,220원][무료포장] 락토핏 생유산균 골드 3통 총150포 / 옵션1번 선물포장","40,900",818P,무료배송,종근당건강본사직영
제주삼다수 2L x 12병/화산암반수/생수,"12,150",243P,무료배송,DS마트닷컴
[25%할인]아워홈 지리산수 2L x 24병,"13,200",264P,무료배송,십일초이스 생수
[9/4단하루 5%+20%]베베숲 시그니처 그린 70매 캡 외 10팩/20팩/전상품 모음전,"18,700",935P,무료배송,베베숲물티슈
[10%+20%]순수식품 500달톤 저분자 피쉬 콜라겐 6개월분(180정) 먹는콜라겐/석류콜라겐,"18,900",567P,무료배송,순수식품
[쿠폰10%+30%]단하루! 마녀공장 빅세일! 클렌징/알로에젤/비피다토너 외+증정,"10,800",216P,무료배송,마녀공장
바로냉동_통그릴 비엔나 6봉 Vs 쟌슨빌 소시지 1810g+마라막창160gx2 or 마라만두380g,"19,000",380P,무료배송,dongwonice
"가을룩준비 5,940/9,810 균일가! 로드블링 롱원피스/세트/티셔츠/후드롱/맨투맨/스커트","10,900",327P,무료배송,로드블링
"[9/4 단하루! 6,870원] 장흥무산김 김부각 85g / 3개 이상 무료배송 혜택","10,900",218P,무료배송,더신선
"[9/4(금) 단 하루, 10+20%] 페넬로페 물티슈 루이사+손세정티슈/로제 캡형 외 Best 모","19,300",386P,무료배송,더퍼스트터치
[아모제] 통살 새우볼 1kg 외 아모제 베스트 메뉴 모음전,"12,900",258P,무료배송,아모제푸드시스템
1+1 프랑스 무스텔라 베이비 스킨케어 모음 이드라베베/바디로션/젠틀 클렌징젤/올인원,"20,000",400P,무료배송,무스텔라공식스토어
[5만원권] 해피머니 온라인상품권 카드결제가능,"47,000",400P,무료배송,기프티콘_11번가
[1일 1000개 선착순 한정출발] 태안 자연산 활꽃게 2kg 6~10미 / 당일바리 햇꽃게 신선,"33,900",678P,무료배송,더신선
[9/4 쿠폰10%+20%] 2주잡티이별! 구달/더마토리/힐링버드1DAY~67% (청귤비타C/어성초진,"10,000",200P,무료배송,클럽클리오본사
[쉬즈미스X리스트] 지금부터 킹혜택! 가을 추가 30%,"15,200",304P,무료배송,인동FN
[~92%깜짝세일]리얼코코 가을룩&시즌오프/균일가가득! 원피스/자켓/니트/티셔츠/팬츠/,"14,900",298P,무료배송,리얼코코
"[혜택가 14,400원] 세사온라인/퓨어슬립 가을/간절기 알러지케어 차렵 누빔 이불 패드","12,000",240P,무료배송,SESA
[선출시!]BTS CUBIC PAINTING_2_3 방탄소년단 DIY 큐빅 페인팅,"34,000",680P,무료배송,아이러브페인팅
디즈니 쿨케어밴드 18매입 3팩세트,"7,900",158P,무료배송,골든윌
[쿠폰10%+25%+묶음15%] 정품증정! 릴리바이레드 NEW덴스에디션~64%(틴트/치크/섀도팔레,"7,900",158P,무료배송,릴리바이레드
"[쿠폰적용가4,590원]가을신상 허니삭스 벗겨지지않는덧신/페이크삭스/특허/학생/기본양","7,900",158P,무료배송,honeysocks
[NH카드20%][제주농협] 귤로장생 하우스감귤 2.5kg #로얄과 #소과,"19,900",398P,무료배송,제주농협
[NH카드20%]입안과즙가득!경북 햇사과 홍로 출시 5kg 가정용(20-27과),"22,900",458P,무료배송,아침햇살농장
아빠식당 국내산 닭볶음탕 1.1kg + 찜닭 1.1kg / 사은품 증정,"15,900",318P,무료배송,행복먹거리공작소
[빈폴스포츠] 역시즌+FW 필수아이템 준비! 다운/패딩/맨투맨/플리스/재킷/팬츠 外,"37,100",742P,무료배송,삼성물산본사_빈폴멘
[한정판] 삼양라면 이불베개슬리퍼,"12,000",742P,무료배송,나라홈데코
[빈폴멘]F/W 신상 상륙! 가을 필수 코디템~ 긴팔티셔츠/긴팔셔츠/긴바지/가디건/아우터,"57,100","1,142P",무료배송,삼성물산본사_빈폴멘
1캔+스푼 하이뮨 프로틴 밸런스,"23,850",477P,무료배송,레알11번가
[25%+VIP10%+기획세트]*피죤 고농축 1L+1.7L+피죤200mlx2 리치퍼퓸 시그니처 섬유유연,"8,900",178P,무료배송,피죤공식점
[할인]우리밀쿠키 3종 선물세트,"10,000",200P,무료배송,위캔쿠키
[10%+20%+10%] 미샤 뷰티데이! 9월 한가위 피부회복 프로젝트! 퍼스트/나이트리페어 U,"6,400",320P,무료배송,미샤공식스토어
[20%+10% 더블쿠폰][빈폴ACC] 9월 20F/W 신상 단독 선할인! 신상&이월 역대급혜택,"29,500",590P,무료배송,삼성물산본사
[10%+20%+10%] 미샤 뷰티데이! 9월 한가위 피부회복 프로젝트 색조/클렌징편!,"5,000",250P,무료배송,미샤공식스토어
B&S 피규어 (포화란),"40,000",800P,무료배송,펀플스토어
금성농협 대숲맑은 담양쌀 10kg #특등급 #당일도정,"30,900",618P,무료배송,유니크플러스
[10만원권] 신세계백화점 상품권 카드결제가능,"98,500",618P,무료배송,기프티콘_11번가
[엘렌쥬얼리] 10%+20%혜택! 14k 베스트 쥬얼리 모음/반지/귀걸이/목걸이/팔찌(9/4일하,"21,900",438P,무료배송,엘렌쥬얼리
[할인] 우리밀쿠키 6종 선물세트,"20,000",400P,무료배송,위캔쿠키
[전주엑스포20%][거시기장터] 모짜렐라 치즈 가래떡 500g X 2팩 #메밀꽃피는항아리,"13,000",260P,무료배송,JB플라자_거시기장터
정관장 홍삼정 에브리타임 밸런스 10mlx30포 (3포x10개 소포장 구성)_,"46,250",925P,무료배송,멸치쇼핑
"코카콜라[본사직영] 씨그램 레몬 PET, 450ml, 20개","10,900",218P,무료배송,코카콜라음료주식회사
KF94 늘푸른 황사방역용 마스크 50매 대형 중형 소형 개별포장,"38,500","1,925P",무료배송,유앤제이스토어
[30%쿠폰+사은품] 3M 표준형 올터치 막대걸레 + 정전기 10매 + 물걸레 1매 외 막대걸레,"25,500",510P,무료배송,mmmonline
"[쿠폰가37,320원][11톡10%] 종근당건강 rTG 오메가3 2박스 총120캡슐 / 프로메가 알티","46,900",938P,무료배송,종근당건강본사직영
[이마트몰][19년산] 이맛쌀 20kg,"50,870","1,017P",무료배송,emartmall
[페브리즈] 여름맞이 전라인업 베스트셀러 프로모션 + 특별 사은품 랜덤 증정,"14,900",298P,무료배송,피앤지직영스토어
[온더리버]37%쿠폰+T22%+예쁨덤! 가을신상총집합! 원피스/블라우스/팬츠/자켓/티셔츠/,"9,900",198P,무료배송,[온더리버]
필그림 본사! 백화점 신상 하루만 비밀세일 + 사은품 메이플라워/꽃귀걸,"16,000",800P,무료배송,tribons
(주문폭주)실구매44만대 재고보유! 레노버 아이디어패드 Slim3-14IML 5DX i5 + MX330,"499,000",800P,무료배송,위드진2019
[아이허브] 베스트셀러 모음! 비타민 유산균 오메가3 캘리포니아골드 나우푸드 자로우,"12,500",250P,무료배송,iHerb
[휠라/카파]FW 운동화/맨투맨/트레이닝복/가방 간절기 상품 모음!,"13,500",270P,무료배송,메가엠
11st 19년산 임실농협 행복드림 20kg / 최근도정,"46,920",938P,무료배송,NS홈쇼핑
공식인증 마이크로SD카드 EVO PLUS 512GB MB-MC512HA/KR,"94,000","2,820P",무료배송,삼성온라인파트너
"[20%+11%]남자피부 올인원 단, 하나로 끝! 싸이닉 전상품 BIG SALE!","9,900",198P,무료배송,scinic
캐나다 오메가3 영양제 1200mg 6개월분,"20,800",416P,무료배송,인테로
[최종혜택가8.3만원대]삼성전자 23L 세라믹 전자렌지 MS23K3523AW 인증점,"87,900",416P,무료배송,삼성공식파트너KDL
[30%쿠폰] 3M 표준형 베이직 더블액션 물걸레 청소포 150매 외 청소포 모음,"28,500",570P,무료배송,mmmonline
[에이와비]30%쿠폰!키커보이고 길어보이는 키작녀쇼핑몰!후기극찬!키작녀쇼핑몰!단독!,"14,900",298P,무료배송,에이와비
종가집 전라도 포기김치(행복이온) 10kg,"50,900","2,545P",무료배송,종가집공식대리점
[20%+10% 할인쿠폰] 2020 신안 햇 새우 1kg 40미내외 대하 활새우 흰다리,"22,900","1,145P",무료배송,은하수산
[바로생수] 아워홈 지리산수 2L x 24병,"11,600",232P,무료배송,아워홈공식샵
새싹보리/상황버섯/도라지 먹고자란 유정란 청초한닭 동물복지 무항생제 20구 30구 40,"10,500",210P,무료배송,청초한닭
[CJ제일제당]비비고 냉동면 잡채/칼국수/짜장/짬뽕 외+[증정]수제 고기만두+닭갈비볶음,"15,650",313P,무료배송,CJ제일제당온라인공식판매처
"[감동]지리산 햇 밤 2kg,3kg 중크기/특크기","11,190",223P,무료배송,신세계몰
[리바트]뉴시나몬 원목 스툴,"42,250",845P,무료배송,현대리바트
[다우니] 타이니탄|어도러블 섬유유연제 특가 프로모션 + 특별 사은품,"18,900",378P,무료배송,피앤지직영스토어
베베숲 프리미어 70매 캡 20팩,"28,900",578P,무료배송,CJmall
[나주영산포농협] 20년 세척 햇 황토 꿀밤고구마 3kg 5kg,"18,900",378P,무료배송,농협경제지주농산물가게
[바로생수] 스파클 생수 2L 30개,"13,900",278P,무료배송,스파클생수
[프리메라] #클렌징 2배로 즐기기! 롤링필링 클렌징 밤 / 마일드필링 외 BEST! ~UPTO,"19,550",391P,무료배송,AmorePacific
[CJ제일제당] 다담 양념 최대15개 골라담기_된장찌개/청국장/순두부 외+[증정]된장찌개,"13,900",278P,무료배송,CJ제일제당온라인공식판매처
이고진 웨이트 스텝퍼 9120 계단오르기 스탭퍼,"61,600","3,080P",무료배송,이고진헬스
로지텍코리아 G433 7.1채널 게임용헤드셋 마이크 A/S 2년,"59,900","3,080P",무료배송,하드전문점
"[아이허브] 스포츠리서치 오메가3 피쉬오일 180캡슐, Sports Research 3배강도 트리글","54,200","1,084P",무료배송,iHerb
로지텍G G102 2세대 LIGHTSYNC 게이밍 마우스 벌크 병행,"20,400","1,084P",무료배송,가온몰
[태풍몰]동서 화이트골드/모카골드 400T [커피/커피믹스/믹스커피/카누/라떼],"40,900",818P,무료배송,태풍몰
[일동후디스] [싱글세트] 하이뮨 프로틴밸런스(296g*6통),"136,800","2,736P",무료배송,롯데홈쇼핑
[7%+20%쿠폰+T22%할인의끝]메리바움 간절기신상오픈! 원피스/블라우스/셔츠/티셔츠/팬,"10,900",218P,무료배송,babblingbrook3
[할인]우리밀쿠키 9종 선물세트,"30,000",600P,무료배송,위캔쿠키
보솜이 액션핏앤모션 팬티 기저귀 4팩,"28,110",562P,무료배송,현대H몰
[에이블루] 커블체어 자세교정 좌식의자 2+1 EVENT,"44,900","5,388P",무료배송,에이블루
[CJ제일제당] 비비고 소고기죽/낙지죽/단호박죽/새우계란죽 외 6개 골라담기,"16,840",336P,무료배송,CJ제일제당온라인공식판매처
10%+20%쿠폰!가을신상 입고!울랄라파자마 시즌오프/홈웨어 100종 모음,"10,100",202P,무료배송,ULLALA
[24%다운로드]헤지스남성 FW 티셔츠/셔츠/니트/자켓/아우터 외 BEST,"27,000",540P,무료배송,LFmall
[CJ제일제당] 비비고 만두 최대 6봉 골라담기 + (선택2)불꽃왕교자 구매시 만두캐릭터,"16,010",320P,무료배송,CJ제일제당온라인공식판매처
숨쉬고 KF80 50매 국산 황사 방역 마스크 대형 화이트,"36,900","1,845P",무료배송,힐링팩토리
(Google Play 기프트 코드) 10만원 모바일 발송,"96,500","1,845P",무료배송,한국선불카드
[국산] 여름용 KF94/비말차단/황사방역 마스크 50매 랜덤/부직포/미세먼지/성인용/대형,"15,900",795P,무료배송,스토리몰2
매일유업 업그레이드 셀렉스 코어 프로틴 플러스 304g 1캔,"17,000",340P,무료배송,레나스
[스크러빙버블] 화장실 청소 set(젤스탬프 본품2+리필+프레시브러쉬 본품+리필),"18,900",378P,무료배송,gpm317scj
갤럭시탭S6 10.4 Lite WiFi 64G R,"467,090",378P,무료배송,주식회사리플레이
[15만1천원대] 인증점 삼성 비스포크 전자레인지 MS23T5018AW 23L 터치식 퓨어화이트,"159,000",378P,무료배송,[삼성파트너]평강
[GSfreshMall] 하남낙지 330g x 4팩,"31,500",630P,무료배송,GSfreshMall
LG 통돌이 TR12BL 일반세탁기 12kg 스마트 인버터모터,"377,000",630P,무료배송,LG공식총판
일동후디스 하이뮨 프로틴밸런스_,"21,790",435P,무료배송,멸치쇼핑
"[쿠폰가599,000원+상품권증정]신형 로보락 물걸레 로봇청소기 S6 MaxV 국내공식 한글판","689,000",435P,무료배송,공식인증샵
[베이비위크 20%할인 09/1~7]리베로기저귀 밴드형/팬티형 3팩/리미티드 에디션 4팩,"35,700",714P,무료배송,디엔셀
20%쿠폰!컴포트랩 브라렛/팬티/가슴을 잡아주는 여름브라렛BEST 모음,"12,900",258P,무료배송,컴포트랩
[산과들에] 순수가온100낱봉,"44,500",890P,무료배송,경기도주식회사
Steam PES2021(위닝2021/위닝일레븐) 한글판 스탠다드 에디션 스팀키(디지털 코드) 발,"19,800",890P,무료배송,PLAYSHOP
가을 의류 균일가전 (아미베스트/소프트세트/컴포트자켓/빔스후드外)/블,"31,960",639P,무료배송,롯데백화점_
"[일리 ][본사정품] 일리 21P 캡슐 [클라시코,인텐소,클라시코 룽고,디카프]4종 선택가","14,810",639P,무료배송,신세계백화점
애플코리아 AirPods Pro 에어팟 프로 MWP22KH/A 무선 노이즈캔슬링 (애플케어플러스 선,"258,000",639P,무료배송,Apple공인인증판매점
Slim3-15ARE R5 [예약판매 9월말입고 최대48만! 3세대 RYZEN5-4500U IPS광시야각패널],"499,000",639P,무료배송,ibmnara
"[8.31~9.6 15%+VIP10%+영탁굿즈3종+피죤200]액츠 실내건조 3.2Lx2 ,초고농축 2.7L+1L","14,900",298P,무료배송,피죤공식점
[25%쿠폰] 정해인의 앤드지 가을 쇼핑/여름최종가 티셔츠/셔츠/팬츠 外 ~90%,"10,600",212P,무료배송,andz111
대용량과자 옛날과자 인간사료 누네띠네 오란다 밤만쥬 미니약과 자색고구마칩 고구마,"3,240",64P,무료배송,프렌드마켓
"[단, 하루만 단독 찐 특.가 144만]LG전자 울트라기어 17UD70N-PX76K/고사양 게이밍 노","1,679,000",2%,무료배송,LG아시아총판_스마트탑
일동후디스 하이뮨 프로틴 밸런스 296g x 1통 /An,"23,900",478P,무료배송,주식회사아나이스
[제스프리] 제스프리 그린키위 1.8kg / 3kg 골라담기 (오직 대과로만!),"11,300",226P,무료배송,제스프리몰
[행필품] 아이러브베베 엠보싱아기물티슈 블루80매X20팩,"12,900",645P,무료배송,BabyWetTissue
[20%쿠폰+T11%]크로커다일 외 심리스 감탄브라 단독 SALE!,"10,000",200P,무료배송,원더브라본사
루메나 N9-FAN MINI 라인프렌즈 브라운/샐리,"19,500","1,000P",무료배송,SpaceWick
[25%쿠폰][파슬코리아] 본사정품! 가방/지갑 최대 69%,"27,000",540P,무료배송,fossilkorea
[5만원권] 컬쳐랜드 상품권 문상 문화상품권,"47,750",540P,무료배송,기프티콘_11번가
[20%쿠폰+T11%]원더브라 최신상 브라/팬티 1종 균일가 LINEUP!,"6,500",130P,무료배송,원더브라본사
컬러장인 롬앤 NEW가을 벨벳틴트 단독1+1 외 BEST 선필터/쿠션/매트쿠션/립스틱/치크),"10,900",218P,무료배송,롬앤공식스토어
[10+20%중복] 20FW 고워크 선오픈 / 아울렛 최대 70%OFF 인기상품,"27,200",544P,무료배송,스케쳐스
[기프티콘] 커피빈 카드 상품권(1만원),"8,700",544P,무료배송,기프티콘_11번가
GC녹십자 포스트바이오틱스 30포 x 1박스 /An 마이크로바이옴,"17,400",348P,무료배송,주식회사아나이스
[바로생수] 농심 백산수 2L 12병 생수,"9,990",199P,무료배송,백산수공식몰
[5%+20%]베비언스 킨더밀쉬 1-2단계 24입/ 홍삼 24입,"30,900",618P,무료배송,LG생활건강공식샵
[조선호텔김치] 피코크 조선호텔 포기김치 8kg,"62,900","1,258P",무료배송,조선호텔김치
국산 멜트블로운 마스크 대형 50매 국내생산 안전인증 3중필터 일회용마스크 비말차단,"9,800",196P,무료배송,바이온컴퍼니
국내산 비말차단 일회용 덴탈 마스크 50매 외 KF94 마스크 3중필터 4중필터 2D 3D 새부,"6,900",138P,무료배송,바나다몰
LG TR14WK1 통돌이 세탁기 14kg 스마트 인버터모터,"395,180",138P,무료배송,goutte
삼성 그랑데 AI 건조기 16kg DV16T8740BP / 리모컨형,"1,289,000",138P,무료배송,삼성공식파트너하나로
[안다르본사] 9월 최신상품을 모두 한자리에! /요가복/필라테스/레깅스/에어쿨링/트레,"9,900",198P,무료배송,안다르
몽블랑 명함지갑 볼펜 벨트 클러치 핸드폰케이스 팔찌 시즌오프 기획전,"45,000",900P,무료배송,유로피플
[4+1] 쿤달 26가지향 샴푸 트리트먼트 바디워시 바디로션 헤어에센스 등,"7,900",158P,무료배송,더스킨팩토리
[누비] 스텐빨대컵/스텐물병/트라이탄빨대컵/물놀이장난감,"14,900",298P,무료배송,엠앤비솔루션즈
[주문폭주! 177만원대][가성비킹/10세대 i7/RTX2070]ASUS ROG G712LW-EV010 게이밍 17,"1,899,000","1,000P",무료배송,해오름씨앤씨
공식인증 마이크로SD카드 EVO PLUS 256GB MB-MC256HA/KR,"46,090","1,382P",무료배송,삼성공식파트너사
[4개구매시25%추가인하] 종근당건강 홍삼녹용 프리미엄 선물세트 1세트,"19,900",398P,무료배송,종근당건강본사직영
[30%쿠폰][3M]후레쉬 위생장갑 100+100매 3개세트(총600매) 외 주방용품 53종,"13,100",262P,무료배송,3M공식대리점
[리바트]꼼므 1200 아이책상+의자 세트 (핑크/블루),"125,320","2,506P",무료배송,현대리바트
[본사직영] 롯데칠성 탄산 트레비 300ml/500ml (레몬/라임/자몽/플레인),"9,880",197P,무료배송,롯데칠성음료본사직영
"[키스포] 주니어 가을신상특가! 4,560원~8,930원 한정수량 단독할인 개학준비 트레이닝","4,900",245P,무료배송,kispo
키즈15%쿠폰! [그린키즈] 사운드북/놀이학습도서/완구 특가,"6,900",138P,무료배송,마미쇼핑
"[쿠폰가 51,800원][영인농협] 아산 맑은쌀 삼광쌀 20kg #특등급","61,800","1,236P",무료배송,한결농산정미소
"[10%쿠폰]마스크 싹~쓰리/성인,아동용 KF94/KF-AD/3중마스크/1+1/마스크줄","9,900",198P,무료배송,앤드스타일
남양 과수원 190ml 48팩 과일주스 사과 청포도 복숭아,"10,900",218P,무료배송,남양유업공식대리점
[베이비WEEK_20%]루이비앙 대용량 100매 아기물티슈 캡형 10팩,"15,600",780P,무료배송,루이비앙
갤럭시 버즈 플러스 블루투스이어폰 SM-R175 / AKG튜닝 완전 무선이어폰,"121,000",780P,무료배송,삼성랜드
[풀무원] 노엣지피자 4판 골라담기,"21,900",438P,무료배송,풀무원
리큐 알카파워 액체세제 리필 2.1L x6개 외~ 베스트 세제 구성,"19,900",398P,무료배송,애경공식점
[태풍몰]동서 맥심 화이트골드320T+피크닉매트/모카골드320T+커트러리세트 (행복에디션,"32,900",658P,무료배송,태풍몰
[50%특가] 아이템풀 단계별 한글/수학 홈스쿨링 학습지! (단계별 20권)/엄마표 홈스쿨,"10,900",218P,무료배송,아이스타ISTAR
데일리세이프 일회용마스크 1Box 중형 화이트 50개입,"34,000",680P,무료배송,더존메디스
"[아이오페] ~50% 안티에이징 앰플 크림 에센스 BEST 모음/스템3, 에이지코렉터, 바이오","24,400",488P,무료배송,아모레퍼시픽
[다운로드 15%] 네스프레소 공식판매점 에센자 미니 / 이니시아 / 픽시 / 시티즈 캡슐,"159,000","1,000P",무료배송,공식인증판매점
JJ몰/정관장 홍삼정 에브리타임 밸런스 10ml x 30포 쇼핑백포함,"54,550","1,091P",무료배송,주_제이제이몰
깨끗한나라 화장지 더순수 데코 3겹 27m 30롤 2팩,"24,900",498P,무료배송,데일리_SHOP
[매일유업] 멸균 우유 오리지널 200ml 24팩,"15,850",317P,무료배송,매일유업직영스토어
[본사직영] 생수 아이시스 8.0 2L/무라벨1.5L/1L/500ml/300ml/200ml,"9,660",193P,무료배송,롯데칠성음료본사직영
웅진 하늘보리 1L 12개 외 325ml 500ml 유기농하늘보리,"10,900",763P,무료배송,웅진식품주식회사
T멤버십+사은품! 2020년 2학기 초등참고서 새학기 준비완료! EBS 초등만점왕/뿌리깊은,"10,350",207P,무료배송,예스24_특판
"[감동]경북 햇 홍로 사과 2kg/3kg 꼬마소과,소과,중소과 옵션6종","11,190",223P,무료배송,신세계몰
20% 쿠폰! 단 하루 에시앙 베스트 아이템,"11,900",595P,무료배송,에시앙
[기프티콘] 세븐일레븐 농심)츄파춥스250,250,595P,무료배송,기프티콘_11번가
애플코리아 AirPods 에어팟 2세대 유선 충전케이스 모델 MV7N2KH/A (애플케어플러스 선,"159,000",595P,무료배송,Apple공인인증판매점
[한율] ~50% 달빛유자 / 무드등 / 수분크림 에센스 스킨토너 BEST 모음/ 달빛유자 어린,"12,500",250P,무료배송,본사직영_한율스토어
(주)JJ몰/ 고려은단 비타민C 1000 1080mg x 600정,"47,100",942P,무료배송,주_제이제이몰
[본사직영] 오가닉 유기농 주스 125mlx24팩+크록스 악세사리세트,"19,230",384P,무료배송,롯데칠성음료본사직영
[최종59만+3종기프트] 삼성노트북 플러스 NT550XCR-AD3A 온라인강의 인터넷강의 사이버,"699,000",3%,무료배송,삼성Mall
Acer 아스파이어5 A515-44 RYZEN5 4500U 르누아르 가성비 노트북,"509,000",3%,무료배송,씨앤아이컴퍼니
"[혜택가24,480원]칠갑산 무농약 쌀 10kg #농협 #청양군","34,000",680P,무료배송,우리네농산물2
[미즈노정품]국내 최저 역시즌 남여 맨투맨/다운점퍼/트레이닝팬츠/져지자켓 모음전,"10,300",206P,무료배송,테슬라_TESLA
참닭 춘천 닭갈비 700g+700g/닭볶음탕/안주/양념육,"11,900",238P,무료배송,올리브몰
[최종60만! / 예약판매!]레노버메탈 가성비노트북 르누아르 라이젠5 SLIM5-14ARE/R5-4,"639,000",238P,무료배송,오우프라자
[NH카드20%][탐라왕] 제주 풋귤(청귤) 3kg,"9,900",198P,무료배송,탐라왕영농조합법인
[풀무원] 핫도그 골라담기 (올바른/모짜렐라/탱글뽀득/체다모짜),"28,900",578P,무료배송,풀무원
갤럭시 노트9 (재출시) 128G,"799,700",578P,무료배송,T공식대리점
[갤러리아] [서울약사신협]6년근 투데이 홍삼정 플러스 스틱 60포,"38,040",760P,무료배송,갤러리아몰
강블리라이프 수블리 미네랄 워터 2.0L X 12개 / 500ml X 40개/물,"6,500",130P,무료배송,GPCLUB
[본사정품] 파인캐디 UPL100 레이저 골프거리측정기,"199,000","3,980P",무료배송,파인드라이브본사
[BEST]스마트에코 베이직 캡형물티슈 100매X20팩!,"13,900",695P,무료배송,GntClean
강화유리/풀커버 액정보호 방탄 필름 갤럭시S20 울트라 S10 9 노트20 10플러스 아이폰,"14,900",695P,무료배송,네고네고
"본사직영_해피바스/일리윤 클렌징, 마스크 BEST 모음","10,000",200P,무료배송,아모레퍼시픽_생활
"유니크데일리룩 5,310원~ 가을룩깜짝할인! 바이미쓰리 블라우스/티셔츠/가디건/니트/팬","7,900",158P,무료배송,바이미쓰리
종가집 포기김치(행복이온) 10kg,"50,900","2,545P",무료배송,종가집공식대리점
20%쿠폰!컴포트랩 여름용 브라렛 궁극의 편안함 상하세트,"10,000",200P,무료배송,컴포트랩
[라네즈] 한여름 Make-up 치트키! 워터뱅크 X 네오쿠션 #꿀조합 #겉바속촉,"28,000",560P,무료배송,아모레퍼시픽
[프레시지] 감바스알아히요 (2인분) 밀키트 쿠킹박스,"10,900",545P,무료배송,프레시지
[19년산] 단일품종! 전북 신동진쌀 20kg #상등급 #당일도정,"50,900","1,018P",무료배송,옥정영농
[에이와비]30%쿠폰!i'm pretty jean/예쁘진/여름신상/데님/슬랙스/와이드/부츠컷/스키,"20,900",418P,무료배송,에이와비
[25%쿠폰] 쉬즈미스/리스트 외 얼리버드 세일~ 90% OFF,"9,800",196P,무료배송,패션지오
2019년 보성농협쌀 보성다향미20kg/쌀20kg/상등급 백미/현미/잡곡/당일도정,"51,900","1,038P",무료배송,우리곡물
[7% 할인쿠폰] 상상후 명화/패브릭 포스터! 1+1 명화/포스터 쿠션커버! 도어커튼! 사이,"5,900",118P,무료배송,상상후
양키캔들 워머/선물세트/라지자/워머세트/디퓨저/방향제/캔들,"11,500",230P,무료배송,양키캔들정품샵
[NH카드20%][우체국쇼핑] 심은 떡명장의 별꼴떡볶이떡 400g*3봉+소스팩3팩(간장2봉/고,"10,400",208P,무료배송,우체국쇼핑_
순한 여름용 비말차단 3중 필터 일회용 덴탈 마스크 50매,"5,900",118P,무료배송,고르고샵
[탑걸X에꼴] 가을 BIG OPEN 활용만점 아이템 100종 기획!_EA19A166,"9,900",198P,무료배송,★fashion★avenue★
[동원] 10% 쿠폰! 생수/참치/리챔/만두 외 골라담기 특가,"8,890",177P,무료배송,하프클럽
가정용 혈압계 HEM-7121 +혈압수첩,"59,000","1,180P",무료배송,미래이씨피
